{"packFileHash":{"type":"sha256","value":"54a85793452d9011b84f8256736fc3966e2a8c2fdaab6c2ba4cb058bc15e1a85"},"indexFileHash":{"type":"sha256","value":"d992365c65a223d93e1fdb4ea504edaab13fbaf9005c75aef63bf8f0a3d2c03a"},"cachedFiles":{"mods/modmenu.pw.toml":{"optionValue":true,"onlyOtherSide":true},"mods/cicada.pw.toml":{"hash":{"type":"sha256","value":"ec195a3660df5cecfae45357fd08c0a569ed0a1eb366af6fc01529319e619d62"},"linkedFileHash":{"type":"sha512","value":"4405493b1d27b14d1f70a9bf12586100fcb93ba5bebece384da9514aced7bacf7fef36ad0246889c151a6a7f533855bd041dff8f5ba5321f8fb351044c37c7b1"},"cachedLocation":"mods/cicada-lib-0.13.0+1.21.5-and-above.jar","optionValue":true},"mods/polytone.pw.toml":{"optionValue":true,"onlyOtherSide":true},"config/yosbr/config/iris.properties":{"hash":{"type":"sha256","value":"4b404c16b82563e05e0cc8dc1218eb6194b2aa4473f348ff0c0c7a8655d9b5ff"},"cachedLocation":"config/yosbr/config/iris.properties","optionValue":true},"mods/sodium.pw.toml":{"optionValue":true,"onlyOtherSide":true},"config/yosbr/config/xaerominimap-common.txt":{"hash":{"type":"sha256","value":"2fc793442b2870a225b63b45764bd6b36e35e4989f58417011eafb119163d864"},"cachedLocation":"config/yosbr/config/xaerominimap-common.txt","optionValue":true},"mods/yacl.pw.toml":{"hash":{"type":"sha256","value":"76d79c4c09c4b862ce82cc0cfee5ee4f01222c1968586ba68d9435767aecfcd8"},"linkedFileHash":{"type":"sha512","value":"13db3a4ec6ba02c7bc190ea777459d3b113d6600fa2b9688aedb1c038915af0e9a7caad4d0bd0c19a86e5a9fbafd65f34f61f7d63190a707cce7c6a4e2c3aed5"},"cachedLocation":"mods/yet_another_config_lib_v3-3.6.6+1.21.5-fabric.jar","optionValue":true},"mods/xaeros-minimap.pw.toml":{"hash":{"type":"sha256","value":"57d080d6a06e1d8802fe8f7cc5af27c51d43cb77c2898cac99fd76a96c2f77d7"},"linkedFileHash":{"type":"sha512","value":"07d825414e1d04dd4e830ae24400a1ca012ef7d5e2d1e87fafb6699c7bcb2440645ed3bb6ef358a08db58f39cd1f77d5e2a67dc80251a078880564acd1c4fb27"},"cachedLocation":"mods/Xaeros_Minimap_25.2.6_Fabric_1.21.5.jar","optionValue":true},"mods/esf.pw.toml":{"optionValue":true,"onlyOtherSide":true},"mods/durability-plus.pw.toml":{"optionValue":true,"onlyOtherSide":true},"mods/terralith.pw.toml":{"hash":{"type":"sha256","value":"0adf248f238a7bb9855514a44568029f4f848d18e9857e24844d76817ca93f29"},"linkedFileHash":{"type":"sha512","value":"7adb34180c6f7f4984b500577f74d2602adc551da6f0f5fdfd4c20fc383560312121277bb6ff6acedf30d294af65cba13a1d28326b1d9575253ea7c5b5eaf895"},"cachedLocation":"mods/Terralith_1.21.x_v2.5.9.jar","optionValue":true},"config/yosbr/config/badoptimizations.txt":{"hash":{"type":"sha256","value":"f043b31a1fd029cbcd999a9ba184a1f66b4a8a8f020881c59b870436d8de1103"},"cachedLocation":"config/yosbr/config/badoptimizations.txt","optionValue":true},"mods/forge-config-api-port.pw.toml":{"hash":{"type":"sha256","value":"af10334d5cb965e4255f864d8fe2c3bad90e571492bf61fd84fb55c9a9506d59"},"linkedFileHash":{"type":"sha512","value":"30a5331eec454eb2129a2021ab2093138c7f7936c35057354c2ae39e8a3ea132e5ada534bdd5ee46d56f048594e0fd1e743a7ee6ec89b1873998f482e2c6fc65"},"cachedLocation":"mods/ForgeConfigAPIPort-v21.5.1-1.21.5-Fabric.jar","optionValue":true},"mods/ridehud.pw.toml":{"optionValue":true,"onlyOtherSide":true},"mods/serversleep.pw.toml":{"hash":{"type":"sha256","value":"5c5192448bfc8094d1a9a2038b29d9dc6e9e668ff74924c2ea378bc489644f94"},"linkedFileHash":{"type":"sha512","value":"2c0e6fbf24177233451295957b02f2105d9af14c8c5d681c7a871f51d07798b734165a8a60fe899c4e6871ef0de86f0f3bd8df2d7500bdcb1149c871aaeba9c7"},"cachedLocation":"mods/serversleep-datapack2.jar","optionValue":true},"config/yosbr/config/dynamic_fps.json":{"hash":{"type":"sha256","value":"b75ccc24ddb7fdd8e91f16a568885abd88b00876e9ffe40578d1cf0ce6d7371d"},"cachedLocation":"config/yosbr/config/dynamic_fps.json","optionValue":true},"mods/shulker-drops-two.pw.toml":{"hash":{"type":"sha256","value":"6d979e0137673507138aaf36324ea26d2e92d9400fd8d27f6476cf4aee22f90e"},"linkedFileHash":{"type":"sha512","value":"8784b10c4c34628c755bdff0d010c32222b55d9bcb49210267566db530491b3a4cb45c1576e71c4f7d846d50154a2b96661cf7bd1cdb377e1f967aa9471275e7"},"cachedLocation":"mods/shulkerdropstwo-1.21.5-3.5.jar","optionValue":true},"mods/geophilic.pw.toml":{"hash":{"type":"sha256","value":"87d16e6f43df61a8fb025a9977343bc2f026570d198f48d82ef087be0d9e29eb"},"linkedFileHash":{"type":"sha512","value":"1dbe8c0fc76b802728d7b22585735da73e6e8c96932e35758243c24249b19ce932aaa740cde849eb73848639121548b24d9586106c96fabbe6fbb73f23c09e24"},"cachedLocation":"mods/Geophilic v3.4.1 f15-71.mod.jar","optionValue":true},"mods/main-menu-credits.pw.toml":{"optionValue":true,"onlyOtherSide":true},"mods/macos-input-fixes.pw.toml":{"optionValue":true,"onlyOtherSide":true},"mods/noisium.pw.toml":{"hash":{"type":"sha256","value":"ea1d303d34de75ef3745a218e1e48fa72cc0e04265142ed27345fdede5b1d954"},"linkedFileHash":{"type":"sha512","value":"4471b6137de7e2109987df8fe62ac836741e68ba3c57303a0f2dc362c0ab8e7aca656d28046e250362316c1144396132a5531dfb12b5a664c68eb294991af938"},"cachedLocation":"mods/noisium-fabric-2.6.0+mc1.21.5.jar","optionValue":true},"mods/numeral-ping.pw.toml":{"optionValue":true,"onlyOtherSide":true},"config/yosbr/config/capes.json5":{"hash":{"type":"sha256","value":"dda5b7b8f667e02c239390c96f2a6f84d2224c7be2449e2a75a2a7fc5a96e636"},"cachedLocation":"config/yosbr/config/capes.json5","optionValue":true},"config/yosbr/config/immediatelyfast.json":{"hash":{"type":"sha256","value":"fe6551b3aa77d3b624acff41ed6bf65b3d6d5c8821b7bda8875ff7b6b75e0c43"},"cachedLocation":"config/yosbr/config/immediatelyfast.json","optionValue":true},"mods/entityculling.pw.toml":{"optionValue":true,"onlyOtherSide":true},"config/yosbr/config/ferritecore.mixin.properties":{"hash":{"type":"sha256","value":"1fbbea658d8af2a751857e70cf2d5930a24490cc4c24f8db9b49630a818b895c"},"cachedLocation":"config/yosbr/config/ferritecore.mixin.properties","optionValue":true},"mods/owo-lib.pw.toml":{"hash":{"type":"sha256","value":"3c79199e4f8a8221ae7095f45a83655fa3baebb59e4cab3d2544be52d1b29df6"},"linkedFileHash":{"type":"sha512","value":"4e45d79f950cd23cf9bfc4c2827579c54cee09196e8a6293bfeb8036dc8205d9cb9f5207b45c8267f24f0b6df24dfdd8ffd9b103c96007950dd578ee3f10f71f"},"cachedLocation":"mods/owo-lib-0.12.21+1.21.5.jar","optionValue":true},"mods/jade.pw.toml":{"hash":{"type":"sha256","value":"ced9729e413bbe2bd78889cbd3d3e93ae56b06c9728972a06ff03afe8a0f4eba"},"linkedFileHash":{"type":"sha512","value":"440901b13b9519d05a8b202b18d86f0a834cccef48f7f12ff34184301b21c38b2fc801f9e07f0a7d3368e0f259430f812d124a6759670296c88ab22a96c511ea"},"cachedLocation":"mods/Jade-1.21.5-Fabric-18.2.0.jar","optionValue":true},"config/yosbr/config/citresewn.json":{"hash":{"type":"sha256","value":"080ec08b7754723a3fa7c45cc0c37f251cc69ff5a07c06bb0f9cb40596373bbe"},"cachedLocation":"config/yosbr/config/citresewn.json","optionValue":true},"config/yosbr/config/threadtweak.json":{"hash":{"type":"sha256","value":"545cbe317c5146bacb9e13c7c03a605f0b6bd6e1ddaf1a05f8be8537d6f8b0ce"},"cachedLocation":"config/yosbr/config/threadtweak.json","optionValue":true},"config/isxander-main-menu-credits.json":{"hash":{"type":"sha256","value":"fab45d5403fd80d36de657750764422b5178a3ab280378d8d76d0a49c973405c"},"cachedLocation":"config/isxander-main-menu-credits.json","optionValue":true},"mods/betterf3.pw.toml":{"optionValue":true,"onlyOtherSide":true},"mods/xaeros-world-map.pw.toml":{"hash":{"type":"sha256","value":"89206cad384d9266554e9d98d534c791d489a7428cbd967a51289d84596ee6c7"},"linkedFileHash":{"type":"sha512","value":"99b5f7e9a276d791589c8aae1fc168eaaee76b6193fb20681ede7cc1b324f2086f6c1b01ad07a9267d9781417ccba38fd4f098a94cf4839d9bbd5c3b628c075c"},"cachedLocation":"mods/XaerosWorldMap_1.39.9_Fabric_1.21.5.jar","optionValue":true},"mods/puzzles-lib.pw.toml":{"hash":{"type":"sha256","value":"48c6c412644a17079cdbe40dce811d9e513d3e8c1b0dc52c1b07a64662ffa516"},"linkedFileHash":{"type":"sha512","value":"97ce63163a9751ebaf5963c653e78164868a2a050c87784b0579fb5e700cee02a92d9b7b4ec486a2ab09f2b3e4ed911a129e49c2e5f3e33bfad055f127c0f5ae"},"cachedLocation":"mods/PuzzlesLib-v21.5.10-1.21.5-Fabric.jar","optionValue":true},"mods/fastquit.pw.toml":{"optionValue":true,"onlyOtherSide":true},"mods/mob-heads.pw.toml":{"hash":{"type":"sha256","value":"30aa757f41d7cdfeaba0b1a266949062be49fdaa7003b55ee58d9e717a80c13d"},"linkedFileHash":{"type":"sha512","value":"f9288d4ce6eb7009769d2693f75907afed998b262674e9897f9cb802c0891fc4c451a618cd7044737b3135ca23fbe499466d92f709f428b82d4b02533c7c8ce2"},"cachedLocation":"mods/mob-heads-v.3.4.4.jar","optionValue":true},"mods/appleskin.pw.toml":{"hash":{"type":"sha256","value":"352fe01e3b8136cf2abf742ddc8e2cab45fd7f25f635df960053b8290e5dc2a4"},"linkedFileHash":{"type":"sha512","value":"36a0849b0483066abd74fc504eb0b7bded24ed7a2713ac8b005dd90b2c3c8c062101737aa9dd0173f692e16e504787fbd48214dbc94a2572969c33d4fa3cf3df"},"cachedLocation":"mods/appleskin-fabric-mc1.21.5-3.0.6.jar","optionValue":true},"mods/remove-terralith-intro-message.pw.toml":{"hash":{"type":"sha256","value":"fe85eb7e13d32999eb376d154be220d82134c534a3f066fa263fb4af11535232"},"linkedFileHash":{"type":"sha512","value":"62391dc2948f14ea0bebab89bdd88bf768bacf458a1832dcd53f95b709c1caf3dde3470cb5b12f3efe5d6904c72410452c56fce952b03f474d9d7a5dc932dfbb"},"cachedLocation":"mods/remove-terralith-intro-message-1.1.jar","optionValue":true},"config/yosbr/config/entityculling.json":{"hash":{"type":"sha256","value":"3955e3822546d7193b0432b91ba89e233a7b4aaf88cbf2883d1931c77bbc9fdb"},"cachedLocation":"config/yosbr/config/entityculling.json","optionValue":true},"mods/debugify.pw.toml":{"hash":{"type":"sha256","value":"847dce2251028733f139692907e89466896dc6ca35cfcc1bdaa0ec1f02aebefb"},"linkedFileHash":{"type":"sha512","value":"5838bdab8278f76eb33c2e9417e7115da6c126220e2697bd6fca90b5bd9ad071236d4a036bc793a25b3e8944e183415dc5892a864c6e5c2c2fbbbd25f3a58b67"},"cachedLocation":"mods/Debugify-1.21.5+1.0.jar","optionValue":true},"mods/ears.pw.toml":{"optionValue":true,"onlyOtherSide":true},"config/yosbr/config/bettergrass.json5":{"hash":{"type":"sha256","value":"5ba4ad8c50ca8715fe648e7e68e8b5df0fe05acac0f9b152cedd93a6250ae386"},"cachedLocation":"config/yosbr/config/bettergrass.json5","optionValue":true},"mods/entity-model-features.pw.toml":{"optionValue":true,"onlyOtherSide":true},"mods/lithostitched.pw.toml":{"hash":{"type":"sha256","value":"fdebd801d6761d163378e7699cf708219e387844b81127be40b56bd327cbedc8"},"linkedFileHash":{"type":"sha512","value":"bfc7d3309cf6c26ed20b556380be2c84d6103c5d92484255fb9a44f3409830a5cec4f958cfd758c16357c3f1b022356f4d5947d461eaf2c0a3805521ed073b4a"},"cachedLocation":"mods/lithostitched-fabric-1.21.5-1.4.8.jar","optionValue":true},"mods/architectury-api.pw.toml":{"hash":{"type":"sha256","value":"a463f60553d19dc6cdb468e8a0f9faa73fd6694f8eb87fe11532c81e9c908dcf"},"linkedFileHash":{"type":"sha512","value":"2edf94af0b6fc9e72e91b4a094e7168b4c2fedbdc0c0713b01d817e4294e297a75fdd8cd89e6e50a9a559d7bf0ad75fcb93d35e1b0beb62c9d1d814f94b53cdf"},"cachedLocation":"mods/architectury-16.1.4-fabric.jar","optionValue":true},"mods/sodium-extra.pw.toml":{"optionValue":true,"onlyOtherSide":true},"config/yosbr/config/NoChatReports/NCR-Client.json":{"hash":{"type":"sha256","value":"e0d9ce47a87536c707b797789b53e9e4f09b273f69098b1303b0815ebd82b3c5"},"cachedLocation":"config/yosbr/config/NoChatReports/NCR-Client.json","optionValue":true},"mods/dynamic-fps.pw.toml":{"optionValue":true,"onlyOtherSide":true},"mods/do-a-barrel-roll.pw.toml":{"hash":{"type":"sha256","value":"f7e95c94d25d998efa3be1ea98943b2a21522d2014c3fb8924312a023ba66716"},"linkedFileHash":{"type":"sha512","value":"47ef2e80b72ac566f54d6b35a90f166cdd360deabff9e93aa2a2fc9b31824b198efcf99d0d0a17a254455646bfb80b6422bc33a559a85a7721549d7ea760834d"},"cachedLocation":"mods/do_a_barrel_roll-fabric-3.8.1+1.21.5.jar","optionValue":true},"mods/vmp-fabric.pw.toml":{"hash":{"type":"sha256","value":"bc5b833dac6b91f96e3d650e1209d141b9267ce7cb7ac45b8b5a976d6c6a5f4e"},"linkedFileHash":{"type":"sha512","value":"f6be6fcf949243bcca460acc113f799cb657ce81320c8f6fa4054e584d32512c538d30b5c6f6713f247fbb6122f4ab951a91c2a6c839e4680e196c707e1d4ffd"},"cachedLocation":"mods/vmp-fabric-mc1.21.5-0.2.0+beta.7.198-all.jar","optionValue":true},"config/yosbr/config/world-host.json5":{"hash":{"type":"sha256","value":"024ab81167c90c77a81797fdc769b7d4b96c2d2be076b5f94ce28c289c05cd1d"},"cachedLocation":"config/yosbr/config/world-host.json5","optionValue":true},"mods/frozenlib.pw.toml":{"hash":{"type":"sha256","value":"9e333b80b09ad5d5cfc78916a8e8c7d9d8c32362c58b7deea70932d1aeadc0a3"},"linkedFileHash":{"type":"sha512","value":"f7c65831afe2acd0c9beb7e439443693ed4e22c70522e59db8e0a7957823e49b368e5f51829e986c740ab44bd646e0ecd0a2d87b9d70e772921f0c671f8a3ed4"},"cachedLocation":"mods/FrozenLib-2.1.3-mc1.21.5.jar","optionValue":true},"mods/controlify.pw.toml":{"optionValue":true,"onlyOtherSide":true},"mods/puzzle.pw.toml":{"optionValue":true,"onlyOtherSide":true},"mods/fabricbettergrass.pw.toml":{"optionValue":true,"onlyOtherSide":true},"mods/cloth-config.pw.toml":{"hash":{"type":"sha256","value":"13ae813426f52226d8363499d722df0933e84534f216eef127c198c18bcdbb6b"},"linkedFileHash":{"type":"sha512","value":"2752215fdc303598f0e98208a3ddae404c413aa3de22f5e2db2f2cc2c7813f08a1731da6778a6b9056a6ebe3b74919fce67abd14332269ad0a353bdc6e9e92c4"},"cachedLocation":"mods/cloth-config-18.0.145-fabric.jar","optionValue":true},"mods/veinminer-enchantment.pw.toml":{"hash":{"type":"sha256","value":"79b8d7410138bbabb5795fe29c18f82fd9238e5fe000dfa4a0fbf77cd24011ae"},"linkedFileHash":{"type":"sha512","value":"580749256a2ca60a8b78e33090495ed0fb98bf03e833a6313b309874b2cdc2e0929b715268fb900875b89562361daabb798b26fc3470073aa98e7eaff4d36b5a"},"cachedLocation":"mods/veinminer-enchant-2.2.2.jar","optionValue":true},"mods/tree-harvester.pw.toml":{"hash":{"type":"sha256","value":"f0d27c3c15ff256e1490f796416aab577d1fd6977cdc46d103ce56e37d5d5fa0"},"linkedFileHash":{"type":"sha512","value":"6797c59c6210df60f78af651073f7fc162d48c23dd25dcda3ae806eb6790ad3dda25fd0d99e3d14523441525029228ad090bebf787dedb5157332b338e43a42b"},"cachedLocation":"mods/treeharvester-1.21.5-9.1.jar","optionValue":true},"mods/entitytexturefeatures.pw.toml":{"optionValue":true,"onlyOtherSide":true},"mods/reeses-sodium-options.pw.toml":{"optionValue":true,"onlyOtherSide":true},"mods/threadtweak.pw.toml":{"hash":{"type":"sha256","value":"ff0d87064f466d6dfa5151178cb805cea4169a6e85f47913b462758262a78024"},"linkedFileHash":{"type":"sha512","value":"aec7e39b478d47dc96ba12291fd048ed9253c39d27a0c25b8565b3cef08eb5117b4f6bf2453c3377d2de739de8ba0501c77b291b6f0fc82559f0f30514a9125a"},"cachedLocation":"mods/threadtweak-fabric-0.1.7+mc1.21.5.jar","optionValue":true},"mods/move-minecarts.pw.toml":{"hash":{"type":"sha256","value":"41f36de18117a32a086f708b94958f3bca1204bff1390a088b1ed1b9be04ac52"},"linkedFileHash":{"type":"sha512","value":"66ea190117a5da9945208c3ec1efb604a4f6e7208d1ad7a4c7c98b20083ffa7c0d1ebdbc7358b6eece71ceb8d55dec0ac4f24236747b56bb068b4d606e5468f4"},"cachedLocation":"mods/moveminecarts-1.21.5-3.7.jar","optionValue":true},"config/yosbr/config/NoChatReports/NCR-Encryption.json":{"hash":{"type":"sha256","value":"69b2e8613a2e3084367295c7b74cb598957f97bb9b9cfe56eb7b7a3187d86b66"},"cachedLocation":"config/yosbr/config/NoChatReports/NCR-Encryption.json","optionValue":true},"mods/expanded-bow-enchanting.pw.toml":{"hash":{"type":"sha256","value":"f71840ff18584ad4a406036f6d5802c2c5d9e021d41061e76f77806e40bb7cc7"},"linkedFileHash":{"type":"sha512","value":"604f772d0017604a00e9f4882dee67e52411b9dfa6f47294b299a463c224bf50bd4fd05c199216207ed9bcf9314cdd5620f640571768e969654378b0eef7356a"},"cachedLocation":"mods/expanded-bow-enchanting-1.1.6.jar","optionValue":true},"mods/language-reload.pw.toml":{"optionValue":true,"onlyOtherSide":true},"mods/optigui.pw.toml":{"optionValue":true,"onlyOtherSide":true},"config/yosbr/config/vmp.properties":{"hash":{"type":"sha256","value":"0d0549563aca08c87a22a9fd862cc6e7a9906f2d6fca84dcbfa7cbec14dff7e6"},"cachedLocation":"config/yosbr/config/vmp.properties","optionValue":true},"mods/ferrite-core.pw.toml":{"hash":{"type":"sha256","value":"fbf9806c22ee5bccbe08f7dec15b742f5ae3a70caf186d6dce0d42f28790f559"},"linkedFileHash":{"type":"sha512","value":"131b82d1d366f0966435bfcb38c362d604d68ecf30c106d31a6261bfc868ca3a82425bb3faebaa2e5ea17d8eed5c92843810eb2df4790f2f8b1e6c1bdc9b7745"},"cachedLocation":"mods/ferritecore-8.0.0-fabric.jar","optionValue":true},"mods/fabric-api.pw.toml":{"hash":{"type":"sha256","value":"08d4ccb59b4068787d57a323c46c336a883dccf6a42ea684976a40f2cc9a69f6"},"linkedFileHash":{"type":"sha512","value":"674c876eb68e00fd19c3644286ea76380b639df068d51de77439d20c8abeb9460bfafe7d6e1dd6bedbcbcd500356a17f89488b73cd832a4599ee091700c7fad4"},"cachedLocation":"mods/fabric-api-0.124.0+1.21.5.jar","optionValue":true},"mods/controlling.pw.toml":{"optionValue":true,"onlyOtherSide":true},"mods/tectonic.pw.toml":{"hash":{"type":"sha256","value":"d486fdebfdb2159657b0f5231598e06b92d573aaf51612657f01eb2af0a9f7c8"},"linkedFileHash":{"type":"sha512","value":"2ad870ad10c1cfd2ec78ca9323efde7bac9ba6bf4dcd6673e7ce3fe9ef17785628e30230843449bef306beb1e99c03b75084c6949d3bedcade3a4b685615eae0"},"cachedLocation":"mods/tectonic-3.0.0+beta4.jar","optionValue":true},"mods/lithium.pw.toml":{"hash":{"type":"sha256","value":"5773d3e597b591a9cd1d6d0808aa5820ecfef9f95c3ebe88aae485980f032e8a"},"linkedFileHash":{"type":"sha512","value":"09a68051504bb16069dd6af8901f2bbeadfd08ad5353d8bcc0c4784e814fb293d9197b4fb0a8393be1f2db003cd987a9e4b98391bbe18c50ae181dace20c2fa4"},"cachedLocation":"mods/lithium-fabric-0.16.2+mc1.21.5.jar","optionValue":true},"mods/audaki-cart-engine.pw.toml":{"hash":{"type":"sha256","value":"e52e565fd93332303eeae6aa8a86a19f8ecdadfa588875550b360bd42ca84c65"},"linkedFileHash":{"type":"sha512","value":"f1e38b54a261694cab75b791147a4d590386734ea7f84423cf6dbda110d0ef3c44d224bdffc57c86fc0aa0ee114ca16feb9006f1718c7f8dcbcca59d76793839"},"cachedLocation":"mods/ACE_mc1.21.3-4.2.0.jar","optionValue":true},"config/yosbr/config/modernfix-mixins.properties":{"hash":{"type":"sha256","value":"22caf99f6531254b612c35bc12aff9c2b6d121b038b2e418a1a429049d16c9e0"},"cachedLocation":"config/yosbr/config/modernfix-mixins.properties","optionValue":true},"mods/simple-copper-pipes.pw.toml":{"hash":{"type":"sha256","value":"824987397fe2a21510d285775f175600b0652da12013e29af7e1cd69f55cb217"},"linkedFileHash":{"type":"sha512","value":"1d5d80ff987afe55d9d7db6e488d7659ce4a4dee5e43e46975485a050cf654a4046bd366adfdbb0c824491dc9f35284317b0e4bdfd4c98d7be2cb338c050a2a2"},"cachedLocation":"mods/SimpleCopperPipes-mc1.21.5-2.0.6.jar","optionValue":true},"config/yosbr/config/NoChatReports/NCR-Common.json":{"hash":{"type":"sha256","value":"20bb880eb7a4657399b86fd11f6e2ec56c87c04ad037d62c155dcca5d484aa7f"},"cachedLocation":"config/yosbr/config/NoChatReports/NCR-Common.json","optionValue":true},"config/yosbr/config/enhanced_bes.properties":{"hash":{"type":"sha256","value":"219204a2efc6d53ad8b3116db7392e039ba8e0ed5f45bc18562c9697bdf8f5c9"},"cachedLocation":"config/yosbr/config/enhanced_bes.properties","optionValue":true},"mods/armor-hud.pw.toml":{"optionValue":true,"onlyOtherSide":true},"config/yosbr/config/modmenu.json":{"hash":{"type":"sha256","value":"ee8d1a6f11ea009f37abba6325d97766910e1786b0de848aa307771d8a87ed72"},"cachedLocation":"config/yosbr/config/modmenu.json","optionValue":true},"mods/clumps.pw.toml":{"hash":{"type":"sha256","value":"28ca728111620e6c90248966cf18bcca1517ceb77097a522bfa74b0bc6b3de40"},"linkedFileHash":{"type":"sha512","value":"08b9e5c849162f5f076f33c117f39d0931afc04f475241f33e9fa9984b48c8383517e73aa51f55c22a98b4e7da27045a98fad8d4abc289278dc0e9b13accddc5"},"cachedLocation":"mods/Clumps-fabric-1.21.5-23.0.0.1.jar","optionValue":true},"config/yosbr/config/puzzle.json":{"hash":{"type":"sha256","value":"f546f5a9367d113277de4051e3c14b898dea9490d9bd9f8240f222e0ea062c22"},"cachedLocation":"config/yosbr/config/puzzle.json","optionValue":true},"mods/fix-keyboard-on-linux.pw.toml":{"optionValue":true,"onlyOtherSide":true},"mods/collective.pw.toml":{"hash":{"type":"sha256","value":"a0d08473c0bd4d3873307800a8527edff2d10c7eccc8535ead68596dea2f1e19"},"linkedFileHash":{"type":"sha512","value":"bf47502d20e03c2fd5964e4799d7988334358ffe26cbb9b9414d453d771a19938e13dcc0989f5b1c0c5e965f35a9f480c95cf0849818c6433f470771c4c5229e"},"cachedLocation":"mods/collective-1.21.5-8.3.jar","optionValue":true},"mods/immediatelyfast.pw.toml":{"optionValue":true,"onlyOtherSide":true},"mods/copper-hopper.pw.toml":{"hash":{"type":"sha256","value":"63b72988a088d0548ecc39d030d0cad81df9aee33fafda709b7ab1a28eaeb0c2"},"linkedFileHash":{"type":"sha512","value":"9b75bd5d040e252cd4a2e9a405697de4fabe011948fd0e1cf3a63a5bf5200e7673aef54acae1f8680d4fa5f1e3bcb912d52b408e551f9e0fa6e31ce566472df7"},"cachedLocation":"mods/copperhopper-0.14.0+1.21.5.jar","optionValue":true},"mods/calcmod.pw.toml":{"hash":{"type":"sha256","value":"6df3e228c8d79cd14de683a5de571cf0f0fbcd412d48db463240e47b893b9a81"},"linkedFileHash":{"type":"sha512","value":"92ebd84d64af6917549e705e9b0bcd3d58ef801238b4f1198c9f1e98db2b831aa5559ed49c7a5cca1d42a828d746bd68b90562cb674f306586e83e3ac50aaaf1"},"cachedLocation":"mods/calcmod-1.4.1+fabric.1.21.5.jar","optionValue":true},"mods/searchables.pw.toml":{"optionValue":true,"onlyOtherSide":true},"mods/easy-magic.pw.toml":{"hash":{"type":"sha256","value":"8fe407d6c0edd1ab94e10b2b7f917b6c344f6f99549aad58c0783da38427a0fa"},"linkedFileHash":{"type":"sha512","value":"42560dc9894f0c80eeafc460d380add48f7ae532be495c854ca67851d35bc9b559d6e288d505d34cd6dd7eab63b2b644652c95cd139abf1d2bbe6aa105d3e636"},"cachedLocation":"mods/EasyMagic-v21.5.0-1.21.5-Fabric.jar","optionValue":true},"mods/krypton.pw.toml":{"hash":{"type":"sha256","value":"8b481b1845bb190388182a683a4efe506516429ede29757923f48eba2e1a43e4"},"linkedFileHash":{"type":"sha512","value":"2e2304b1b17ecf95783aee92e26e54c9bfad325c7dfcd14deebf9891266eb2933db00ff77885caa083faa96f09c551eb56f93cf73b357789cb31edad4939ffeb"},"cachedLocation":"mods/krypton-0.2.9.jar","optionValue":true},"mods/servercore.pw.toml":{"hash":{"type":"sha256","value":"08e7fcbf0eb89fd14ebbbe9f041c60c5b5cd63e5554386766b6ef7476e7ed65a"},"linkedFileHash":{"type":"sha512","value":"338a6cd2433f799f23ab947e4d574bc48187501edef26d574d43eb455476cbfaa0611da3b39d77400abb89a817dc1c55a552f9387b073d318386fdb1d3c07207"},"cachedLocation":"mods/servercore-fabric-1.5.10+1.21.5.jar","optionValue":true},"resourcepacks/chat-reporting-helper.pw.toml":{"optionValue":true,"onlyOtherSide":true},"mods/simple-discord-rpc.pw.toml":{"optionValue":true,"onlyOtherSide":true},"mods/badoptimizations.pw.toml":{"optionValue":true,"onlyOtherSide":true},"mods/fabric-language-kotlin.pw.toml":{"hash":{"type":"sha256","value":"967a780be97bec40b8bca4945a053ee4fbd05d58e218c4fb803959ac0d0c7f08"},"linkedFileHash":{"type":"sha512","value":"805eb96067560fa8acc8fcc7dbfba4ad8eed1a2bc9b46566e184f122533fdff844288f3df635762e1af927a4efe8989e9f11007a24bcdc73a32fc2dbebd720c3"},"cachedLocation":"mods/fabric-language-kotlin-1.13.3+kotlin.2.1.21.jar","optionValue":true},"config/yosbr/config/servercore/config.yml":{"hash":{"type":"sha256","value":"7ed78d3273aebb454ea062b841297b6a498364b997596383354402487e0e0434"},"cachedLocation":"config/yosbr/config/servercore/config.yml","optionValue":true},"mods/vanillaconfig.pw.toml":{"optionValue":true,"onlyOtherSide":true},"mods/craterlib.pw.toml":{"hash":{"type":"sha256","value":"69ee0dd23617f5227f2856a5364ea47b49ab59308c543f76875dc5edb41d395d"},"linkedFileHash":{"type":"sha512","value":"d60dd4ccdffb0c96c56afb0dd4c4890b7a28168e24fed68aa342b7d9ccd5d36d3e8e4f21147b2500f04359e490fdae10acc22ce964beff35a12e4771eb78b239"},"cachedLocation":"mods/CraterLib-Fabric-1.21.5-2.1.5.jar","optionValue":true},"mods/continuity.pw.toml":{"optionValue":true,"onlyOtherSide":true},"config/yosbr/config/fastquit.toml":{"hash":{"type":"sha256","value":"4c7872ece540160831d0c17e505336ffa2fba0748f3f32f137af1958272e200c"},"cachedLocation":"config/yosbr/config/fastquit.toml","optionValue":true},"config/yosbr/config/sodium-options.json":{"hash":{"type":"sha256","value":"1570d389b7f47caa8256fcf023243cd510d37eda62a611c8e27936c12d93d806"},"cachedLocation":"config/yosbr/config/sodium-options.json","optionValue":true},"config/yosbr/options.txt":{"hash":{"type":"sha256","value":"a737dd82279403a1a22b4dcd1fa3f99915f4feac38879042a8b1da6a4ccac199"},"cachedLocation":"config/yosbr/options.txt","optionValue":true},"mods/iris.pw.toml":{"optionValue":true,"onlyOtherSide":true},"mods/mouse-tweaks.pw.toml":{"optionValue":true,"onlyOtherSide":true},"mods/veinminer.pw.toml":{"hash":{"type":"sha256","value":"324b5730c0b047adb5c11356a4bc994d2b3b9a941b2f66f002a1e285c3a08e72"},"linkedFileHash":{"type":"sha512","value":"04a8a079b64017fc04e24f8f22ee8b6fe46ce9c78ecedfb25fac99d4cfe78761901948fbc8eda9770cce944ecf93c9bafe793b7edb34b0c9e7e18322ae5392cc"},"cachedLocation":"mods/veinminer-fabric-2.4.2.jar","optionValue":true},"config/yosbr/config/controlify.json":{"hash":{"type":"sha256","value":"bc7cfadfe7121fdbd356c7992705ea6f484de518d3fd473eb8c59ea93e79a04d"},"cachedLocation":"config/yosbr/config/controlify.json","optionValue":true},"config/yosbr/config/xaeroworldmap-common.txt":{"hash":{"type":"sha256","value":"bad5cff08e3541458a6dcfd6c74a144558ca18fbd1da6848975527f606401014"},"cachedLocation":"config/yosbr/config/xaeroworldmap-common.txt","optionValue":true},"mods/c2me-fabric.pw.toml":{"hash":{"type":"sha256","value":"b2ffc85cb1e056dd662acee098fa82af0ce16e8d34073aa2b010c57410737fdc"},"linkedFileHash":{"type":"sha512","value":"ed9b934a1fed93d613619d888d0b6048369055998879f6748cf569a3e0da63ae97d2d29f06cc45fbc01564883cc2f222ecc1a5512bfa51928efa7f7f5871e6c2"},"cachedLocation":"mods/c2me-fabric-mc1.21.5-0.3.4+alpha.0.16.jar","optionValue":true},"mods/im-fast.pw.toml":{"hash":{"type":"sha256","value":"577880c420c8fb3a0f08ef11d4d0df61ce10be169b1c4bc99e33c9aac6ea8733"},"linkedFileHash":{"type":"sha512","value":"1939854470176eae51798573a5402e2f10547df8e1a2b6ac8fc2dea134c5d45fe6bffe4fada97d3d2c6eed7f812a0f107c2607c4a7a85c9efe44be772b6708c1"},"cachedLocation":"mods/imfast-FABRIC-1.21.5-1.0.3.jar","optionValue":true},"mods/yosbr.pw.toml":{"hash":{"type":"sha256","value":"6f6334f336a876088431df70e2bba6ac52ca2ddeb73a4880ce88d6954b09af00"},"linkedFileHash":{"type":"sha1","value":"f0340e9c0bc95d67f3f3e9c1cd79b61054af11f9"},"cachedLocation":"mods/yosbr-0.1.2.jar","optionValue":true},"mods/modelfix.pw.toml":{"optionValue":true,"onlyOtherSide":true},"mods/rei.pw.toml":{"hash":{"type":"sha256","value":"fb968012652cc09eddfcd7972cc6162cb05364f73eeed5b3e90609c0a608bfa5"},"linkedFileHash":{"type":"sha512","value":"e3b12ba4bb79654c097d7e280bc5744bba44c5f0f80317da5ff6fa3b9d2930848f7f36d50dddcf5b28045dc31400c1ab78e8dc9071d81c65f1b922fcc76f258e"},"cachedLocation":"mods/RoughlyEnoughItems-19.0.806-fabric.jar","optionValue":true},"mods/cubes-without-borders.pw.toml":{"optionValue":true,"onlyOtherSide":true},"mods/world-host.pw.toml":{"optionValue":true,"onlyOtherSide":true},"mods/lambdynamiclights.pw.toml":{"optionValue":true,"onlyOtherSide":true},"mods/capes.pw.toml":{"optionValue":true,"onlyOtherSide":true},"mods/ok-zoomer.pw.toml":{"optionValue":true,"onlyOtherSide":true},"mods/explorify.pw.toml":{"hash":{"type":"sha256","value":"a0b3f914a386d4236744bc749156bb7eca1014179a50e340af1ea4741198782f"},"linkedFileHash":{"type":"sha512","value":"3d9ec324a1cbe4d98bb4b47bea721e1b629e11ba9b2c07d6da7a844b941f2ce71092edfbe56c62c8e14c7eda15652986de464b80ececb22334181510f374ccbb"},"cachedLocation":"mods/Explorify v1.6.2 f10-48.jar","optionValue":true},"config/yosbr/config/ryoamiclights.toml":{"hash":{"type":"sha256","value":"d6afc19db2764da5ae94c735f9544987a5a4686305d1478d31fdca800a94444c"},"cachedLocation":"config/yosbr/config/ryoamiclights.toml","optionValue":true},"config/yosbr/config/treeharvester/harvestable_axe_blacklist.txt":{"hash":{"type":"sha256","value":"42f88d68a24b16b63d3aa39212aa23820aa2633d15c619d5c4b07978c4c29887"},"cachedLocation":"config/yosbr/config/treeharvester/harvestable_axe_blacklist.txt","optionValue":true},"config/yosbr/config/servercore/optimizations.yml":{"hash":{"type":"sha256","value":"c1347aa983b02f5e59fcbd4f931501e2705330c5cf25e723d3239b85e6b6e262"},"cachedLocation":"config/yosbr/config/servercore/optimizations.yml","optionValue":true},"config/yosbr/config/sodium-extra-options.json":{"hash":{"type":"sha256","value":"90b62358ea2b423c96169f05fa99c1f08be82e1c1fb7558b94a40b9e2cadd79f"},"cachedLocation":"config/yosbr/config/sodium-extra-options.json","optionValue":true},"mods/double-doors.pw.toml":{"hash":{"type":"sha256","value":"d574f462b237e7fda83f7fd19b17766cc797ed60b3bdb47051cb0c22d58345c4"},"linkedFileHash":{"type":"sha512","value":"1640722969e1d6ed9474cb968381359ee9e7a61509a730f4c2cf75d84069fe3afe7ef2d306459a0597f4453dac22dd2d4414ec618642600cddeeb263f8b98d88"},"cachedLocation":"mods/doubledoors-1.21.5-7.0.jar","optionValue":true},"mods/silk.pw.toml":{"hash":{"type":"sha256","value":"78d1d7a8513cda832b39a5a361844d56edf61d4c9ce01973a9adbf65cb400124"},"linkedFileHash":{"type":"sha512","value":"662b640394c03ac7f7bb141017d87e4eabde06532b6fce0bdafdbd6b3b0eae3c3be5c0fb981d71ebd55ebf97b385d8196437862e2e59075265ba04e045e929bd"},"cachedLocation":"mods/silk-all-1.11.1.jar","optionValue":true}},"cachedSide":"server"}